{"cameraMode":{"drawMode":0,"name":"Shaded","section":"Shading Mode"},"sceneLighting":false,"audioPlay":false,"sceneViewState":{"m_AlwaysRefresh":false,"showFog":true,"showSkybox":false,"showFlares":true,"showImageEffects":true,"showParticleSystems":true,"showVisualEffectGraphs":true,"m_FxEnabled":true},"in2DMode":false,"pivot":{"x":-1.2339072227478028,"y":0.049488503485918048,"z":-3.666363477706909},"rotation":{"x":0.03363947570323944,"y":-0.7106125354766846,"z":-0.03378637880086899,"w":-0.702103316783905},"size":1.6889718770980836,"orthographic":true}