{"cameraMode":{"drawMode":0,"name":"Shaded","section":"Shading Mode"},"sceneLighting":false,"audioPlay":false,"sceneViewState":{"m_AlwaysRefresh":false,"showFog":true,"showSkybox":false,"showFlares":true,"showImageEffects":true,"showParticleSystems":true,"showVisualEffectGraphs":true,"m_FxEnabled":true},"in2DMode":false,"pivot":{"x":0.03938496112823486,"y":1.7000000476837159,"z":-5.030803203582764},"rotation":{"x":-0.04314247891306877,"y":0.3086698353290558,"z":-0.013809573836624623,"w":-0.9501911401748657},"size":5.869528293609619,"orthographic":true}