{"cameraMode":{"drawMode":0,"name":"Shaded","section":"Shading Mode"},"sceneLighting":false,"audioPlay":false,"sceneViewState":{"m_AlwaysRefresh":false,"showFog":true,"showSkybox":false,"showFlares":true,"showImageEffects":true,"showParticleSystems":true,"showVisualEffectGraphs":true,"m_FxEnabled":true},"in2DMode":false,"pivot":{"x":77.30391693115235,"y":-2.0300045013427736,"z":83.34700775146485},"rotation":{"x":-0.2998218834400177,"y":-0.04376809671521187,"z":0.013823084533214569,"w":-0.9529908299446106},"size":2.6027824878692629,"orthographic":true}