{"cameraMode":{"drawMode":0,"name":"Shaded","section":"Shading Mode"},"sceneLighting":false,"audioPlay":false,"sceneViewState":{"m_AlwaysRefresh":false,"showFog":true,"showSkybox":false,"showFlares":true,"showImageEffects":true,"showParticleSystems":true,"showVisualEffectGraphs":true,"m_FxEnabled":true},"in2DMode":false,"pivot":{"x":-0.10019490122795105,"y":0.6136618852615356,"z":0.0055220723152160648},"rotation":{"x":-0.23398998379707337,"y":-0.21793149411678315,"z":0.047487109899520877,"w":-0.9463929533958435},"size":1.422764778137207,"orthographic":false}