{"cameraMode":{"drawMode":0,"name":"Shaded","section":"Shading Mode"},"sceneLighting":false,"audioPlay":false,"sceneViewState":{"m_AlwaysRefresh":false,"showFog":true,"showSkybox":false,"showFlares":true,"showImageEffects":true,"showParticleSystems":true,"showVisualEffectGraphs":true,"m_FxEnabled":true},"in2DMode":false,"pivot":{"x":-13.087000846862793,"y":-1.3729572296142579,"z":3.6402156352996828},"rotation":{"x":-0.08920787274837494,"y":0.9107314348220825,"z":-0.27633190155029299,"w":-0.29408612847328188},"size":1.848705768585205,"orthographic":false}