{"cameraMode":{"drawMode":0,"name":"Shaded","section":"Shading Mode"},"sceneLighting":false,"audioPlay":false,"sceneViewState":{"m_AlwaysRefresh":false,"showFog":true,"showSkybox":false,"showFlares":true,"showImageEffects":true,"showParticleSystems":true,"showVisualEffectGraphs":true,"m_FxEnabled":true},"in2DMode":false,"pivot":{"x":0.027279138565063478,"y":0.873515248298645,"z":0.060510456562042239},"rotation":{"x":-0.0005652980180457234,"y":-0.20262552797794343,"z":-0.0001828874519560486,"w":0.9793723225593567},"size":1.1705775260925294,"orthographic":false}