{"cameraMode":{"drawMode":0,"name":"Shaded","section":"Shading Mode"},"sceneLighting":false,"audioPlay":false,"sceneViewState":{"m_AlwaysRefresh":false,"showFog":false,"showSkybox":false,"showFlares":false,"showImageEffects":false,"showParticleSystems":false,"showVisualEffectGraphs":true,"m_FxEnabled":true},"in2DMode":false,"pivot":{"x":-0.09277090430259705,"y":1.3134931325912476,"z":-1.2931935787200928},"rotation":{"x":-0.0008898779633454979,"y":0.9986774921417236,"z":-0.018561067059636117,"w":-0.04887278005480766},"size":1.3690669536590577,"orthographic":false}