{"cameraMode":{"drawMode":0,"name":"Shaded","section":"Shading Mode"},"sceneLighting":true,"audioPlay":false,"sceneViewState":{"m_AlwaysRefresh":true,"showFog":true,"showSkybox":true,"showFlares":true,"showImageEffects":true,"showParticleSystems":true,"showVisualEffectGraphs":true,"m_FxEnabled":true},"in2DMode":false,"pivot":{"x":-8.325380325317383,"y":2.4323315620422365,"z":57.804359436035159},"rotation":{"x":-0.03778519108891487,"y":0.06359725445508957,"z":-0.007536789868026972,"w":-0.9974228143692017},"size":35.49699020385742,"orthographic":false}