{"cameraMode":{"drawMode":0,"name":"Shaded","section":"Shading Mode"},"sceneLighting":false,"audioPlay":false,"sceneViewState":{"m_AlwaysRefresh":false,"showFog":true,"showSkybox":false,"showFlares":true,"showImageEffects":true,"showParticleSystems":true,"showVisualEffectGraphs":true,"m_FxEnabled":true},"in2DMode":false,"pivot":{"x":4.470348358154297e-8,"y":0.19119426608085633,"z":0.006497330963611603},"rotation":{"x":-0.23829621076583863,"y":0.6586124300956726,"z":-0.2324134111404419,"w":-0.674996554851532},"size":0.37348103523254397,"orthographic":true}