{"cameraMode":{"drawMode":0,"name":"Shaded","section":"Shading Mode"},"sceneLighting":false,"audioPlay":false,"sceneViewState":{"m_AlwaysRefresh":false,"showFog":false,"showSkybox":false,"showFlares":true,"showImageEffects":true,"showParticleSystems":true,"showVisualEffectGraphs":true,"m_FxEnabled":true},"in2DMode":false,"pivot":{"x":-12.797516822814942,"y":0.13428659737110139,"z":4.461147785186768},"rotation":{"x":0.06525112688541413,"y":-0.897484540939331,"z":0.14198113977909089,"w":0.4124707877635956},"size":0.9521005749702454,"orthographic":true}