{"cameraMode":{"drawMode":0,"name":"Shaded","section":"Shading Mode"},"sceneLighting":false,"audioPlay":false,"sceneViewState":{"m_AlwaysRefresh":false,"showFog":false,"showSkybox":false,"showFlares":true,"showImageEffects":true,"showParticleSystems":true,"showVisualEffectGraphs":true,"m_FxEnabled":true},"in2DMode":false,"pivot":{"x":-12.797516822814942,"y":0.13428659737110139,"z":4.461147785186768},"rotation":{"x":0.01390141248703003,"y":-0.9860258102416992,"z":0.11079709976911545,"w":0.12369496375322342},"size":0.8718670010566711,"orthographic":true}