{"cameraMode":{"drawMode":0,"name":"Shaded","section":"Shading Mode"},"sceneLighting":false,"audioPlay":false,"sceneViewState":{"m_AlwaysRefresh":false,"showFog":true,"showSkybox":false,"showFlares":true,"showImageEffects":true,"showParticleSystems":true,"showVisualEffectGraphs":true,"m_FxEnabled":true},"in2DMode":false,"pivot":{"x":4.787680625915527,"y":3.8398523330688478,"z":13.416238784790039},"rotation":{"x":0.22686821222305299,"y":0.01752946525812149,"z":-0.004083874635398388,"w":0.973760724067688},"size":1.2693513631820679,"orthographic":true}