{"cameraMode":{"drawMode":0,"name":"Shaded","section":"Shading Mode"},"sceneLighting":false,"audioPlay":false,"sceneViewState":{"m_AlwaysRefresh":false,"showFog":true,"showSkybox":false,"showFlares":true,"showImageEffects":true,"showParticleSystems":true,"showVisualEffectGraphs":true,"m_FxEnabled":true},"in2DMode":false,"pivot":{"x":4.787680625915527,"y":3.8398523330688478,"z":13.416238784790039},"rotation":{"x":0.14780071377754212,"y":-0.3671059310436249,"z":0.059205006808042529,"w":0.9164523482322693},"size":1.2693513631820679,"orthographic":true}