{"cameraMode":{"drawMode":0,"name":"Shaded","section":"Shading Mode"},"sceneLighting":false,"audioPlay":false,"sceneViewState":{"m_AlwaysRefresh":false,"showFog":true,"showSkybox":false,"showFlares":true,"showImageEffects":true,"showParticleSystems":true,"showVisualEffectGraphs":true,"m_FxEnabled":true},"in2DMode":false,"pivot":{"x":-1.7033675909042359,"y":0.6736279726028442,"z":-1.921044111251831},"rotation":{"x":-0.007402222603559494,"y":0.895010232925415,"z":0.014401786960661412,"w":0.44598281383514407},"size":2.0345370769500734,"orthographic":false}