{"cameraMode":{"drawMode":0,"name":"Shaded","section":"Shading Mode"},"sceneLighting":false,"audioPlay":false,"sceneViewState":{"m_AlwaysRefresh":false,"showFog":true,"showSkybox":false,"showFlares":true,"showImageEffects":true,"showParticleSystems":true,"showVisualEffectGraphs":true,"m_FxEnabled":true},"in2DMode":false,"pivot":{"x":13.562498092651368,"y":-15.406940460205079,"z":-11.964996337890625},"rotation":{"x":0.053443778306245807,"y":0.9210172891616821,"z":-0.3609420955181122,"w":0.13637322187423707},"size":12.12435531616211,"orthographic":false}