{"cameraMode":{"drawMode":0,"name":"Shaded","section":"Shading Mode"},"sceneLighting":false,"audioPlay":false,"sceneViewState":{"m_AlwaysRefresh":false,"showFog":true,"showSkybox":false,"showFlares":true,"showImageEffects":true,"showParticleSystems":true,"showVisualEffectGraphs":true,"m_FxEnabled":true},"in2DMode":false,"pivot":{"x":10.074051856994629,"y":1.0573064088821412,"z":4.458033084869385},"rotation":{"x":-0.03207496553659439,"y":0.9651094079017639,"z":-0.14200331270694734,"w":-0.21818998456001283},"size":1.8635001182556153,"orthographic":false}