{"cameraMode":{"drawMode":0,"name":"Shaded","section":"Shading Mode"},"sceneLighting":false,"audioPlay":false,"sceneViewState":{"m_AlwaysRefresh":false,"showFog":true,"showSkybox":false,"showFlares":true,"showImageEffects":true,"showParticleSystems":true,"showVisualEffectGraphs":true,"m_FxEnabled":true},"in2DMode":false,"pivot":{"x":-11.173526763916016,"y":0.153114452958107,"z":5.913043022155762},"rotation":{"x":-0.017899714410305024,"y":0.9786525368690491,"z":-0.09720249474048615,"w":-0.18021290004253388},"size":0.28271418809890749,"orthographic":true}