{"cameraMode":{"drawMode":0,"name":"Shaded","section":"Shading Mode"},"sceneLighting":false,"audioPlay":false,"sceneViewState":{"m_AlwaysRefresh":true,"showFog":true,"showSkybox":true,"showFlares":true,"showImageEffects":true,"showParticleSystems":true,"showVisualEffectGraphs":true,"m_FxEnabled":true},"in2DMode":false,"pivot":{"x":-11.173526763916016,"y":0.153114452958107,"z":5.913043022155762},"rotation":{"x":0.018919074907898904,"y":-0.9761055707931519,"z":0.09487960487604141,"w":0.1946127712726593},"size":0.2588898241519928,"orthographic":true}