{"cameraMode":{"drawMode":0,"name":"Shaded","section":"Shading Mode"},"sceneLighting":false,"audioPlay":false,"sceneViewState":{"m_AlwaysRefresh":false,"showFog":true,"showSkybox":false,"showFlares":true,"showImageEffects":true,"showParticleSystems":true,"showVisualEffectGraphs":true,"m_FxEnabled":true},"in2DMode":false,"pivot":{"x":-12.720115661621094,"y":0.21285812556743623,"z":4.254732131958008},"rotation":{"x":0.4808105528354645,"y":0.1795804500579834,"z":-0.10127271711826325,"w":0.8523858785629273},"size":0.7237939834594727,"orthographic":false}