{"cameraMode":{"drawMode":0,"name":"Shaded","section":"Shading Mode"},"sceneLighting":false,"audioPlay":false,"sceneViewState":{"m_AlwaysRefresh":false,"showFog":true,"showSkybox":false,"showFlares":true,"showImageEffects":true,"showParticleSystems":true,"showVisualEffectGraphs":true,"m_FxEnabled":true},"in2DMode":false,"pivot":{"x":-0.34477996826171877,"y":0.38300085067749026,"z":4.9331865310668949},"rotation":{"x":0.30265772342681887,"y":0.6953765153884888,"z":-0.42735305428504946,"w":0.4923994541168213},"size":12.12435531616211,"orthographic":false}