{"cameraMode":{"drawMode":0,"name":"Shaded","section":"Shading Mode"},"sceneLighting":false,"audioPlay":false,"sceneViewState":{"m_AlwaysRefresh":false,"showFog":true,"showSkybox":false,"showFlares":true,"showImageEffects":true,"showParticleSystems":true,"showVisualEffectGraphs":true,"m_FxEnabled":true},"in2DMode":false,"pivot":{"x":-2.1424660682678224,"y":1.4848583936691285,"z":-0.9269376993179321},"rotation":{"x":0.004152375273406506,"y":-0.9952282905578613,"z":-0.07004251331090927,"w":-0.07346194982528687},"size":1.294987440109253,"orthographic":false}