{"cameraMode":{"drawMode":0,"name":"Shaded","section":"Shading Mode"},"sceneLighting":false,"audioPlay":false,"sceneViewState":{"m_AlwaysRefresh":false,"showFog":true,"showSkybox":false,"showFlares":true,"showImageEffects":true,"showParticleSystems":true,"showVisualEffectGraphs":true,"m_FxEnabled":true},"in2DMode":false,"pivot":{"x":0.3895822763442993,"y":-0.79030442237854,"z":-1.9012560844421387},"rotation":{"x":-0.22708943486213685,"y":-0.12465360760688782,"z":0.029218340292572976,"w":-0.9655076861381531},"size":2.4635000228881838,"orthographic":false}