{"cameraMode":{"drawMode":0,"name":"Shaded","section":"Shading Mode"},"sceneLighting":false,"audioPlay":false,"sceneViewState":{"m_AlwaysRefresh":false,"showFog":true,"showSkybox":false,"showFlares":true,"showImageEffects":true,"showParticleSystems":true,"showVisualEffectGraphs":true,"m_FxEnabled":true},"in2DMode":false,"pivot":{"x":0.2680230140686035,"y":0.19299983978271485,"z":-5.100442886352539},"rotation":{"x":-0.16516192257404328,"y":0.10248272866010666,"z":-0.01716649904847145,"w":-0.9808685183525086},"size":0.8842341303825378,"orthographic":false}