{"cameraMode":{"drawMode":0,"name":"Shaded","section":"Shading Mode"},"sceneLighting":false,"audioPlay":false,"sceneViewState":{"m_AlwaysRefresh":false,"showFog":true,"showSkybox":false,"showFlares":true,"showImageEffects":true,"showParticleSystems":true,"showVisualEffectGraphs":true,"m_FxEnabled":true},"in2DMode":false,"pivot":{"x":-6.001087188720703,"y":1.447783350944519,"z":21.544849395751954},"rotation":{"x":-0.0027598801534622909,"y":-0.9366395473480225,"z":-0.006985554005950689,"w":0.3503100872039795},"size":1.4841901063919068,"orthographic":false}