{"cameraMode":{"drawMode":0,"name":"Shaded","section":"Shading Mode"},"sceneLighting":false,"audioPlay":false,"sceneViewState":{"m_AlwaysRefresh":false,"showFog":true,"showSkybox":false,"showFlares":true,"showImageEffects":true,"showParticleSystems":true,"showVisualEffectGraphs":true,"m_FxEnabled":true},"in2DMode":false,"pivot":{"x":-11.424840927124024,"y":0.29001832008361819,"z":5.334920406341553},"rotation":{"x":0.003589402651414275,"y":-0.9508275985717773,"z":0.011442544870078564,"w":0.3097817301750183},"size":0.5660253763198853,"orthographic":false}