{"cameraMode":{"drawMode":0,"name":"Shaded","section":"Shading Mode"},"sceneLighting":false,"audioPlay":false,"sceneViewState":{"m_AlwaysRefresh":false,"showFog":true,"showSkybox":false,"showFlares":true,"showImageEffects":true,"showParticleSystems":true,"showVisualEffectGraphs":true,"m_FxEnabled":true},"in2DMode":false,"pivot":{"x":0.7517593502998352,"y":1.0823585987091065,"z":1.1043950319290162},"rotation":{"x":0.0999271497130394,"y":-0.8745539784431458,"z":0.20436719059944154,"w":0.42833560705184939},"size":0.37949663400650027,"orthographic":false}