{"cameraMode":{"drawMode":0,"name":"Shaded","section":"Shading Mode"},"sceneLighting":false,"audioPlay":false,"sceneViewState":{"m_AlwaysRefresh":false,"showFog":true,"showSkybox":false,"showFlares":true,"showImageEffects":true,"showParticleSystems":true,"showVisualEffectGraphs":true,"m_FxEnabled":true},"in2DMode":false,"pivot":{"x":-0.12016922235488892,"y":1.0544534921646119,"z":-5.279919624328613},"rotation":{"x":0.0030012347269803287,"y":-0.9804748296737671,"z":0.19609762728214265,"w":0.014998381957411766},"size":0.7376736402511597,"orthographic":true}