{"cameraMode":{"drawMode":0,"name":"Shaded","section":"Shading Mode"},"sceneLighting":false,"audioPlay":false,"sceneViewState":{"m_AlwaysRefresh":false,"showFog":true,"showSkybox":false,"showFlares":true,"showImageEffects":true,"showParticleSystems":true,"showVisualEffectGraphs":true,"m_FxEnabled":true},"in2DMode":false,"pivot":{"x":2.2872135639190676,"y":1.6807674169540406,"z":-7.160113334655762},"rotation":{"x":-0.012613979168236256,"y":-0.9707169532775879,"z":0.23444809019565583,"w":-0.05155534669756889},"size":0.49837183952331545,"orthographic":false}