{"cameraMode":{"drawMode":0,"name":"Shaded","section":"Shading Mode"},"sceneLighting":false,"audioPlay":false,"sceneViewState":{"m_AlwaysRefresh":false,"showFog":true,"showSkybox":false,"showFlares":true,"showImageEffects":true,"showParticleSystems":true,"showVisualEffectGraphs":true,"m_FxEnabled":true},"in2DMode":false,"pivot":{"x":-5.255056381225586,"y":-26.381629943847658,"z":-0.5412054061889648},"rotation":{"x":0.04855426773428917,"y":0.8846191763877869,"z":-0.09491875767707825,"w":0.4541662931442261},"size":31.402894973754884,"orthographic":true}