{"cameraMode":{"drawMode":0,"name":"Shaded","section":"Shading Mode"},"sceneLighting":false,"audioPlay":false,"sceneViewState":{"m_AlwaysRefresh":false,"showFog":true,"showSkybox":false,"showFlares":true,"showImageEffects":true,"showParticleSystems":true,"showVisualEffectGraphs":true,"m_FxEnabled":true},"in2DMode":false,"pivot":{"x":0.059441208839416507,"y":0.0910336971282959,"z":-4.989048004150391},"rotation":{"x":-0.24746964871883393,"y":0.6279159784317017,"z":-0.22049647569656373,"w":-0.7043034434318543},"size":1.4867703914642335,"orthographic":true}