{"cameraMode":{"drawMode":0,"name":"Shaded","section":"Shading Mode"},"sceneLighting":false,"audioPlay":false,"sceneViewState":{"m_AlwaysRefresh":false,"showFog":true,"showSkybox":false,"showFlares":true,"showImageEffects":true,"showParticleSystems":true,"showVisualEffectGraphs":true,"m_FxEnabled":true},"in2DMode":false,"pivot":{"x":-1.411635160446167,"y":1.6341670751571656,"z":-20.130586624145509},"rotation":{"x":-0.052061956375837329,"y":0.5175521969795227,"z":-0.03152354434132576,"w":-0.8535180687904358},"size":1.5697722434997559,"orthographic":false}