{"cameraMode":{"drawMode":0,"name":"Shaded","section":"Shading Mode"},"sceneLighting":false,"audioPlay":false,"sceneViewState":{"m_AlwaysRefresh":false,"showFog":true,"showSkybox":false,"showFlares":true,"showImageEffects":true,"showParticleSystems":true,"showVisualEffectGraphs":true,"m_FxEnabled":true},"in2DMode":false,"pivot":{"x":0.000023066997528076172,"y":0.22328239679336549,"z":-0.006292909383773804},"rotation":{"x":0.1884976178407669,"y":-0.15190424025058747,"z":0.029680462554097177,"w":0.9698375463485718},"size":0.19837188720703126,"orthographic":false}