{"cameraMode":{"drawMode":0,"name":"Shaded","section":"Shading Mode"},"sceneLighting":false,"audioPlay":false,"sceneViewState":{"m_AlwaysRefresh":false,"showFog":true,"showSkybox":false,"showFlares":true,"showImageEffects":true,"showParticleSystems":true,"showVisualEffectGraphs":true,"m_FxEnabled":true},"in2DMode":false,"pivot":{"x":0.003955036401748657,"y":0.1314944475889206,"z":0.00001665949821472168},"rotation":{"x":0.21609675884246827,"y":-0.5645681619644165,"z":0.15638351440429688,"w":0.7812067270278931},"size":0.26440733671188357,"orthographic":false}