{"cameraMode":{"drawMode":0,"name":"Shaded","section":"Shading Mode"},"sceneLighting":false,"audioPlay":false,"sceneViewState":{"m_AlwaysRefresh":false,"showFog":true,"showSkybox":false,"showFlares":true,"showImageEffects":true,"showParticleSystems":true,"showVisualEffectGraphs":true,"m_FxEnabled":true},"in2DMode":false,"pivot":{"x":-11.579593658447266,"y":0.4809999465942383,"z":6.287759780883789},"rotation":{"x":0.558362603187561,"y":0.013189909979701043,"z":0.008878112770617009,"w":-0.8294472694396973},"size":12.12435531616211,"orthographic":true}