{"cameraMode":{"drawMode":0,"name":"Shaded","section":"Shading Mode"},"sceneLighting":false,"audioPlay":false,"sceneViewState":{"m_AlwaysRefresh":false,"showFog":true,"showSkybox":false,"showFlares":true,"showImageEffects":true,"showParticleSystems":true,"showVisualEffectGraphs":true,"m_FxEnabled":true},"in2DMode":false,"pivot":{"x":0.40406352281570437,"y":1.3969364166259766,"z":0.06363537907600403},"rotation":{"x":-0.19933171570301057,"y":0.6680819988250732,"z":-0.19293223321437837,"w":-0.6905165314674377},"size":0.49380677938461306,"orthographic":false}